algorithm,accuary,precision,recall,f1_score,confusion_matrix
Naive Bayes,81.81818181818183,[ 81.05263158 100.        ],[100.          18.18181818],[89.53488372 30.76923077],"[[154   0]
 [ 36   8]]"
Maquina de Soporte Vectorial,83.83838383838383,[85.46511628 73.07692308],[95.45454545 43.18181818],[90.18404908 54.28571429],"[[147   7]
 [ 25  19]]"
Random Forest,67.17171717171718,[78.70967742 25.58139535],[79.22077922 25.        ],[78.96440129 25.28735632],"[[122  32]
 [ 33  11]]"
Maximun Entropy,81.81818181818183,[ 81.05263158 100.        ],[100.          18.18181818],[89.53488372 30.76923077],"[[154   0]
 [ 36   8]]"
