algorithm,accuary,precision,recall,f1_score,confusion_matrix
Naive Bayes,93.43434343434343,[ 0.         93.43434343  0.        ],[  0. 100.   0.],[ 0.         96.60574413  0.        ],"[[  0  12   0]
 [  0 185   0]
 [  0   1   0]]"
Maquina de Soporte Vectorial,93.43434343434343,[ 0.         93.43434343  0.        ],[  0. 100.   0.],[ 0.         96.60574413  0.        ],"[[  0  12   0]
 [  0 185   0]
 [  0   1   0]]"
Random Forest,92.92929292929293,[50.         93.84615385  0.        ],[ 8.33333333 98.91891892  0.        ],[14.28571429 96.31578947  0.        ],"[[  1  11   0]
 [  1 183   1]
 [  0   1   0]]"
Maximun Entropy,93.43434343434343,[ 0.         93.43434343  0.        ],[  0. 100.   0.],[ 0.         96.60574413  0.        ],"[[  0  12   0]
 [  0 185   0]
 [  0   1   0]]"
