algorithm,accuary,precision,recall,f1_score,confusion_matrix
Naive Bayes,77.08333333333334,[74.42748092 82.37082067],[89.3675527  61.80159635],[81.21615993 70.61889251],"[[975 116]
 [335 542]]"
Maquina de Soporte Vectorial,79.67479674796748,[76.5973826  85.65022422],[91.20073327 65.336374  ],[83.26359833 74.12677878],"[[995  96]
 [304 573]]"
Random Forest,80.4878048780488,[81.20035305 79.52095808],[84.32630614 75.71265678],[82.73381295 77.57009346],"[[920 171]
 [213 664]]"
Maximun Entropy,76.93089430894308,[72.13342599 89.98109641],[95.14207149 54.27594071],[82.05533597 67.70981508],"[[1038   53]
 [ 401  476]]"
