algorithm,accuary,precision,recall,f1_score,confusion_matrix
Naive Bayes,13.333333333333336,[ 0.         13.33333333],[  0. 100.],[ 0.         23.52941176],"[[ 0 13]
 [ 0  2]]"
Maquina de Soporte Vectorial,13.333333333333336,[ 0.         13.33333333],[  0. 100.],[ 0.         23.52941176],"[[ 0 13]
 [ 0  2]]"
Random Forest,13.333333333333334,[ 0.         14.28571429  0.        ],[  0. 100.   0.],[ 0. 25.  0.],"[[ 0 12  1]
 [ 0  2  0]
 [ 0  0  0]]"
