algorithm,accuary,precision,recall,f1_score,confusion_matrix
Naive Bayes,68.18181818181817,[67.22222222 72.5       ],[91.66666667 32.95454545],[77.56410256 45.3125    ],"[[121  11]
 [ 59  29]]"
Maquina de Soporte Vectorial,68.63636363636364,[68.         71.11111111],[90.15151515 36.36363636],[77.52442997 48.12030075],"[[119  13]
 [ 56  32]]"
Random Forest,70.0,[73.23943662 64.1025641 ],[78.78787879 56.81818182],[75.91240876 60.24096386],"[[104  28]
 [ 38  50]]"
Maximun Entropy,65.0,[63.95939086 73.91304348],[95.45454545 19.31818182],[76.59574468 30.63063063],"[[126   6]
 [ 71  17]]"
