algorithm,accuary,precision,recall,f1_score,confusion_matrix
Naive Bayes,83.18181818181817,[ 0.         83.18181818  0.        ],[  0. 100.   0.],[ 0.         90.81885856  0.        ],"[[  0  13   0]
 [  0 183   0]
 [  0  24   0]]"
Maquina de Soporte Vectorial,83.18181818181817,[ 0.         83.18181818  0.        ],[  0. 100.   0.],[ 0.         90.81885856  0.        ],"[[  0  13   0]
 [  0 183   0]
 [  0  24   0]]"
Random Forest,82.27272727272728,[33.33333333 84.95145631 50.        ],[15.38461538 95.6284153  16.66666667],[21.05263158 89.97429306 25.        ],"[[  2  11   0]
 [  4 175   4]
 [  0  20   4]]"
Maximun Entropy,83.18181818181817,[ 0.         83.18181818  0.        ],[  0. 100.   0.],[ 0.         90.81885856  0.        ],"[[  0  13   0]
 [  0 183   0]
 [  0  24   0]]"
