algorithm,accuary,precision,recall,f1_score,confusion_matrix
Naive Bayes,86.4,[ 0.  86.4  0. ],[  0. 100.   0.],[ 0.         92.70386266  0.        ],"[[  0  10   0]
 [  0 216   0]
 [  0  24   0]]"
Maquina de Soporte Vectorial,88.8,[  0.          88.52459016 100.        ],[  0. 100.  25.],[ 0.         93.91304348 40.        ],"[[  0  10   0]
 [  0 216   0]
 [  0  18   6]]"
Random Forest,84.8,[16.66666667 90.17857143 45.        ],[10.         93.51851852 37.5       ],[12.5        91.81818182 40.90909091],"[[  1   9   0]
 [  3 202  11]
 [  2  13   9]]"
Maximun Entropy,86.8,[  0.          86.74698795 100.        ],[  0.         100.           4.16666667],[ 0.         92.90322581  8.        ],"[[  0  10   0]
 [  0 216   0]
 [  0  23   1]]"
