algorithm,accuary,precision,recall,f1_score,confusion_matrix
Naive Bayes,80.0,[ 0. 80.  0.],[  0. 100.   0.],[ 0.         88.88888889  0.        ],"[[  0  12   0]
 [  0 200   0]
 [  0  38   0]]"
Maquina de Soporte Vectorial,82.0,[  0.          81.63265306 100.        ],[  0.         100.          13.15789474],[ 0.         89.88764045 23.25581395],"[[  0  12   0]
 [  0 200   0]
 [  0  33   5]]"
Random Forest,79.60000000000002,[ 0.         85.44600939 53.125     ],[ 0.         91.         44.73684211],[ 0.         88.13559322 48.57142857],"[[  0  11   1]
 [  4 182  14]
 [  1  20  17]]"
Maximun Entropy,80.4,[  0.          80.32128514 100.        ],[  0.         100.           2.63157895],[ 0.         89.08685969  5.12820513],"[[  0  12   0]
 [  0 200   0]
 [  0  37   1]]"
