algorithm,accuary,precision,recall,f1_score,confusion_matrix
Naive Bayes,90.8,[ 0.  90.8  0. ],[  0. 100.   0.],[ 0.         95.17819706  0.        ],"[[  0  11   0]
 [  0 227   0]
 [  0  12   0]]"
Maquina de Soporte Vectorial,90.8,[ 0.  90.8  0. ],[  0. 100.   0.],[ 0.         95.17819706  0.        ],"[[  0  11   0]
 [  0 227   0]
 [  0  12   0]]"
Random Forest,88.8,[ 0.         91.63179916 30.        ],[ 0.         96.47577093 25.        ],[ 0.         93.99141631 27.27272727],"[[  0  11   0]
 [  1 219   7]
 [  0   9   3]]"
Maximun Entropy,90.8,[ 0.  90.8  0. ],[  0. 100.   0.],[ 0.         95.17819706  0.        ],"[[  0  11   0]
 [  0 227   0]
 [  0  12   0]]"
