algorithm,accuary,precision,recall,f1_score,confusion_matrix
Naive Bayes,85.71428571428571,[ 0.         85.71428571  0.        ],[  0. 100.   0.],[ 0.         92.30769231  0.        ],"[[ 0  2  0]
 [ 0 30  0]
 [ 0  3  0]]"
Maquina de Soporte Vectorial,85.71428571428571,[ 0.         85.71428571  0.        ],[  0. 100.   0.],[ 0.         92.30769231  0.        ],"[[ 0  2  0]
 [ 0 30  0]
 [ 0  3  0]]"
Random Forest,82.85714285714286,[ 0.         87.87878788  0.        ],[ 0.         96.66666667  0.        ],[ 0.         92.06349206  0.        ],"[[ 0  1  1]
 [ 0 29  1]
 [ 0  3  0]]"
Maximun Entropy,85.71428571428571,[ 0.         85.71428571  0.        ],[  0. 100.   0.],[ 0.         92.30769231  0.        ],"[[ 0  2  0]
 [ 0 30  0]
 [ 0  3  0]]"
