algorithm,accuary,precision,recall,f1_score,confusion_matrix
Naive Bayes,37.142857142857146,[ 0.         37.14285714],[  0. 100.],[ 0.         54.16666667],"[[ 0 22]
 [ 0 13]]"
Maquina de Soporte Vectorial,37.142857142857146,[ 0.         37.14285714],[  0. 100.],[ 0.         54.16666667],"[[ 0 22]
 [ 0 13]]"
Random Forest,68.57142857142857,[78.94736842 56.25      ],[68.18181818 69.23076923],[73.17073171 62.06896552],"[[15  7]
 [ 4  9]]"
Maximun Entropy,37.142857142857146,[ 0.         37.14285714],[  0. 100.],[ 0.         54.16666667],"[[ 0 22]
 [ 0 13]]"
