algorithm,accuary,precision,recall,f1_score,confusion_matrix
Naive Bayes,37.142857142857146,[ 0.         37.14285714],[  0. 100.],[ 0.         54.16666667],"[[ 0 22]
 [ 0 13]]"
Maquina de Soporte Vectorial,37.142857142857146,[ 0.         37.14285714],[  0. 100.],[ 0.         54.16666667],"[[ 0 22]
 [ 0 13]]"
Random Forest,71.42857142857143,[80. 60.],[72.72727273 69.23076923],[76.19047619 64.28571429],"[[16  6]
 [ 4  9]]"
Maximun Entropy,37.142857142857146,[ 0.         37.14285714],[  0. 100.],[ 0.         54.16666667],"[[ 0 22]
 [ 0 13]]"
