algorithm,accuary,precision,recall,f1_score,confusion_matrix
Naive Bayes,62.8,[100.          61.72839506],[  7. 100.],[13.08411215 76.33587786],"[[  7  93]
 [  0 150]]"
Maquina de Soporte Vectorial,67.60000000000001,[67.27272727 67.69230769],[37. 88.],[47.74193548 76.52173913],"[[ 37  63]
 [ 18 132]]"
Random Forest,68.8,[59.01639344 78.125     ],[72.         66.66666667],[64.86486486 71.94244604],"[[ 72  28]
 [ 50 100]]"
Maximun Entropy,63.6,[100.         62.2406639],[  9. 100.],[16.51376147 76.72634271],"[[  9  91]
 [  0 150]]"
