algorithm,accuary,precision,recall,f1_score,confusion_matrix
Naive Bayes,86.4,[ 0.  86.4  0. ],[  0. 100.   0.],[ 0.         92.70386266  0.        ],"[[  0   4   0]
 [  0 216   0]
 [  0  30   0]]"
Maquina de Soporte Vectorial,91.6,[  0.          91.13924051 100.        ],[  0.         100.          43.33333333],[ 0.         95.36423841 60.46511628],"[[  0   4   0]
 [  0 216   0]
 [  0  17  13]]"
Random Forest,91.2,[ 0.         93.69369369 71.42857143],[ 0.         96.2962963  66.66666667],[ 0.         94.97716895 68.96551724],"[[  0   4   0]
 [  0 208   8]
 [  0  10  20]]"
Maximun Entropy,89.2,[  0.          88.88888889 100.        ],[  0.         100.          23.33333333],[ 0.         94.11764706 37.83783784],"[[  0   4   0]
 [  0 216   0]
 [  0  23   7]]"
