algorithm,accuary,precision,recall,f1_score,confusion_matrix
Naive Bayes,74.0,[73.30508475 85.71428571],[98.85714286 16.        ],[84.18491484 26.96629213],"[[173   2]
 [ 63  12]]"
Maquina de Soporte Vectorial,80.80000000000003,[80.97560976 80.        ],[94.85714286 48.        ],[87.36842105 60.        ],"[[166   9]
 [ 39  36]]"
Random Forest,75.2,[80.54054054 60.        ],[85.14285714 52.        ],[82.77777778 55.71428571],"[[149  26]
 [ 36  39]]"
Maximun Entropy,74.8,[73.93162393 87.5       ],[98.85714286 18.66666667],[84.59657702 30.76923077],"[[173   2]
 [ 61  14]]"
