algorithm,accuary,precision,recall,f1_score,confusion_matrix
Naive Bayes,80.0,[81.48148148 75.40983607],[91.12426036 56.79012346],[86.03351955 64.78873239],"[[154  15]
 [ 35  46]]"
Maquina de Soporte Vectorial,78.4,[80.10471204 72.88135593],[90.53254438 53.08641975],[85.         61.42857143],"[[153  16]
 [ 38  43]]"
Random Forest,81.6,[83.97790055 75.36231884],[89.9408284  64.19753086],[86.85714286 69.33333333],"[[152  17]
 [ 29  52]]"
Maximun Entropy,77.2,[75.22522523 92.85714286],[98.81656805 32.09876543],[85.42199488 47.70642202],"[[167   2]
 [ 55  26]]"
