algorithm,accuary,precision,recall,f1_score,confusion_matrix
Naive Bayes,81.2,[  0.          81.12449799 100.        ],[  0.        100.          2.7027027],[ 0.         89.57871397  5.26315789],"[[  0  11   0]
 [  0 202   0]
 [  0  36   1]]"
Maquina de Soporte Vectorial,84.8,[ 0.         84.45378151 91.66666667],[ 0.         99.5049505  29.72972973],[ 0.         91.36363636 44.89795918],"[[  0  11   0]
 [  0 201   1]
 [  0  26  11]]"
Random Forest,84.8,[33.33333333 88.73239437 71.42857143],[27.27272727 93.56435644 54.05405405],[30.         91.08433735 61.53846154],"[[  3   7   1]
 [  6 189   7]
 [  0  17  20]]"
Maximun Entropy,82.0,[  0.          81.78137652 100.        ],[  0.         100.           8.10810811],[ 0.         89.97772829 15.        ],"[[  0  11   0]
 [  0 202   0]
 [  0  34   3]]"
