algorithm,accuary,precision,recall,f1_score,confusion_matrix
Naive Bayes,80.0,[81.48148148 75.40983607],[91.12426036 56.79012346],[86.03351955 64.78873239],"[[154  15]
 [ 35  46]]"
Maquina de Soporte Vectorial,78.4,[80.10471204 72.88135593],[90.53254438 53.08641975],[85.         61.42857143],"[[153  16]
 [ 38  43]]"
Random Forest,80.4,[84.48275862 71.05263158],[86.98224852 66.66666667],[85.71428571 68.78980892],"[[147  22]
 [ 27  54]]"
Maximun Entropy,77.2,[75.22522523 92.85714286],[98.81656805 32.09876543],[85.42199488 47.70642202],"[[167   2]
 [ 55  26]]"
