algorithm,accuary,precision,recall,f1_score,precision_all,recall_all,f1_score_all,confusion_matrix
Naive Bayes,80.0,[92.85714286 97.22222222 69.92481203 72.        ],[74.71264368 79.54545455 85.32110092 79.12087912],[82.80254777 87.5        76.85950413 75.39267016],82.15448398774714,80.0,80.37930824201966,"[[65  0 14  8]
 [ 0 70 11  7]
 [ 2  1 93 13]
 [ 3  1 15 72]]"
Maquina de Soporte Vectorial,85.33333333333334,[93.67088608 91.76470588 86.40776699 73.14814815],[85.05747126 88.63636364 81.65137615 86.81318681],[89.15662651 90.1734104  83.96226415 79.39698492],86.13223810580769,85.33333333333334,85.51706411259885,"[[74  2  3  8]
 [ 0 78  4  6]
 [ 3  2 89 15]
 [ 2  3  7 79]]"
Decision Tree,80.0,[84.26966292 90.27777778 72.22222222 78.40909091],[86.20689655 73.86363636 83.48623853 75.82417582],[85.22727273 81.25       77.44680851 77.09497207],80.7556123028033,80.0,80.05897950142096,"[[75  1  6  5]
 [ 1 65 15  7]
 [ 7  4 91  7]
 [ 6  2 14 69]]"
Maximun Entropy,85.33333333333334,[94.59459459 94.93670886 80.         77.45098039],[80.45977011 85.22727273 88.0733945  86.81318681],[86.95652174 89.82035928 83.84279476 81.86528497],86.27253153376758,85.33333333333334,85.48803885209138,"[[70  2 10  5]
 [ 1 75  4  8]
 [ 2  1 96 10]
 [ 1  1 10 79]]"
